title,description,category
The Future of Quantum Computing,What breakthroughs to expect in the next decade.,technology
Mental Health and Remote Work,The psychological impact of working from home.,health
The Impact of AI Tutors in Classrooms,AI is changing the way students learn.,education
Essential Apps for Smart Travelers,The best tools for planning and navigating trips.,travel
The Rise of AI in Everyday Life,Exploring how artificial intelligence is transforming daily experiences.,technology
Benefits of a Plant-Based Diet,How plant-based eating can improve your health.,health
The Rise of AI in Everyday Life,Exploring how artificial intelligence is transforming daily experiences.,technology
Investing for Beginners,A quick guide to understanding the basics of investing.,finance
Traveling on a Budget in Europe,How to explore without breaking the bank.,travel
Online Learning Platforms Compared,Which platform is best for your learning style?,education
Cryptocurrency Trends in 2025,Where the crypto market is heading.,finance
Cryptocurrency Trends in 2025,Where the crypto market is heading.,finance
Investing for Beginners,A quick guide to understanding the basics of investing.,finance
Mental Health and Remote Work,The psychological impact of working from home.,health
Traveling on a Budget in Europe,How to explore without breaking the bank.,travel
The Impact of AI Tutors in Classrooms,AI is changing the way students learn.,education
Cryptocurrency Trends in 2025,Where the crypto market is heading.,finance
Online Learning Platforms Compared,Which platform is best for your learning style?,education
Top 5 Digital Nomad Destinations,The best cities for working remotely abroad.,travel
Online Learning Platforms Compared,Which platform is best for your learning style?,education
Top 10 Programming Languages in 2025,A comprehensive look at the most in-demand languages.,technology
Essential Apps for Smart Travelers,The best tools for planning and navigating trips.,travel
How to Save More in a High-Inflation Economy,Smart savings strategies for uncertain times.,finance
The Rise of AI in Everyday Life,Exploring how artificial intelligence is transforming daily experiences.,technology
How to Stay Motivated While Studying Remotely,Tips to keep your productivity up.,education
Traveling on a Budget in Europe,How to explore without breaking the bank.,travel
Essential Apps for Smart Travelers,The best tools for planning and navigating trips.,travel
The Impact of AI Tutors in Classrooms,AI is changing the way students learn.,education
Benefits of a Plant-Based Diet,How plant-based eating can improve your health.,health
How to Save More in a High-Inflation Economy,Smart savings strategies for uncertain times.,finance
Online Learning Platforms Compared,Which platform is best for your learning style?,education
The Impact of AI Tutors in Classrooms,AI is changing the way students learn.,education
Cryptocurrency Trends in 2025,Where the crypto market is heading.,finance
Benefits of a Plant-Based Diet,How plant-based eating can improve your health.,health
Top 5 Digital Nomad Destinations,The best cities for working remotely abroad.,travel
Top 10 Programming Languages in 2025,A comprehensive look at the most in-demand languages.,technology
Online Learning Platforms Compared,Which platform is best for your learning style?,education
Cryptocurrency Trends in 2025,Where the crypto market is heading.,finance
How to Stay Motivated While Studying Remotely,Tips to keep your productivity up.,education
How to Stay Motivated While Studying Remotely,Tips to keep your productivity up.,education
Online Learning Platforms Compared,Which platform is best for your learning style?,education
How to Stay Motivated While Studying Remotely,Tips to keep your productivity up.,education
Top 10 Programming Languages in 2025,A comprehensive look at the most in-demand languages.,technology
The Impact of AI Tutors in Classrooms,AI is changing the way students learn.,education
Investing for Beginners,A quick guide to understanding the basics of investing.,finance
Online Learning Platforms Compared,Which platform is best for your learning style?,education
The Future of Quantum Computing,What breakthroughs to expect in the next decade.,technology
Online Learning Platforms Compared,Which platform is best for your learning style?,education
The Rise of AI in Everyday Life,Exploring how artificial intelligence is transforming daily experiences.,technology
Online Learning Platforms Compared,Which platform is best for your learning style?,education
Essential Apps for Smart Travelers,The best tools for planning and navigating trips.,travel
How to Stay Motivated While Studying Remotely,Tips to keep your productivity up.,education
Top 5 Digital Nomad Destinations,The best cities for working remotely abroad.,travel
10 Tips for Better Sleep,Simple changes that can dramatically improve your rest.,health
10 Tips for Better Sleep,Simple changes that can dramatically improve your rest.,health
Top 5 Digital Nomad Destinations,The best cities for working remotely abroad.,travel
The Future of Quantum Computing,What breakthroughs to expect in the next decade.,technology
Investing for Beginners,A quick guide to understanding the basics of investing.,finance
Investing for Beginners,A quick guide to understanding the basics of investing.,finance
Investing for Beginners,A quick guide to understanding the basics of investing.,finance
Essential Apps for Smart Travelers,The best tools for planning and navigating trips.,travel
The Future of Quantum Computing,What breakthroughs to expect in the next decade.,technology
Benefits of a Plant-Based Diet,How plant-based eating can improve your health.,health
The Rise of AI in Everyday Life,Exploring how artificial intelligence is transforming daily experiences.,technology
Top 10 Programming Languages in 2025,A comprehensive look at the most in-demand languages.,technology
Benefits of a Plant-Based Diet,How plant-based eating can improve your health.,health
10 Tips for Better Sleep,Simple changes that can dramatically improve your rest.,health
Online Learning Platforms Compared,Which platform is best for your learning style?,education
Cryptocurrency Trends in 2025,Where the crypto market is heading.,finance
The Future of Quantum Computing,What breakthroughs to expect in the next decade.,technology
Essential Apps for Smart Travelers,The best tools for planning and navigating trips.,travel
10 Tips for Better Sleep,Simple changes that can dramatically improve your rest.,health
The Impact of AI Tutors in Classrooms,AI is changing the way students learn.,education
Online Learning Platforms Compared,Which platform is best for your learning style?,education
How to Stay Motivated While Studying Remotely,Tips to keep your productivity up.,education
Cryptocurrency Trends in 2025,Where the crypto market is heading.,finance
Essential Apps for Smart Travelers,The best tools for planning and navigating trips.,travel
Mental Health and Remote Work,The psychological impact of working from home.,health
Benefits of a Plant-Based Diet,How plant-based eating can improve your health.,health
The Rise of AI in Everyday Life,Exploring how artificial intelligence is transforming daily experiences.,technology
Investing for Beginners,A quick guide to understanding the basics of investing.,finance
Mental Health and Remote Work,The psychological impact of working from home.,health
Cryptocurrency Trends in 2025,Where the crypto market is heading.,finance
10 Tips for Better Sleep,Simple changes that can dramatically improve your rest.,health
The Rise of AI in Everyday Life,Exploring how artificial intelligence is transforming daily experiences.,technology
How to Stay Motivated While Studying Remotely,Tips to keep your productivity up.,education
10 Tips for Better Sleep,Simple changes that can dramatically improve your rest.,health
How to Stay Motivated While Studying Remotely,Tips to keep your productivity up.,education
Benefits of a Plant-Based Diet,How plant-based eating can improve your health.,health
Cryptocurrency Trends in 2025,Where the crypto market is heading.,finance
Benefits of a Plant-Based Diet,How plant-based eating can improve your health.,health
The Impact of AI Tutors in Classrooms,AI is changing the way students learn.,education
Investing for Beginners,A quick guide to understanding the basics of investing.,finance
The Rise of AI in Everyday Life,Exploring how artificial intelligence is transforming daily experiences.,technology
Cryptocurrency Trends in 2025,Where the crypto market is heading.,finance
Investing for Beginners,A quick guide to understanding the basics of investing.,finance
Top 5 Digital Nomad Destinations,The best cities for working remotely abroad.,travel
The Rise of AI in Everyday Life,Exploring how artificial intelligence is transforming daily experiences.,technology
Mental Health and Remote Work,The psychological impact of working from home.,health
Investing for Beginners,A quick guide to understanding the basics of investing.,finance
